{"zeroshot-gpt4": {"ccnews_c14": [4.607305936073059, 0.05267551800721451, 73], "guten_c14": [5.21078431372549, 0.05624329756404446, 68], "wiki_c14": [4.394636015325671, 0.043791082856361685, 87]}, "zeroshot-gpt3.5": {"ccnews_c14": [4.077625570776256, 0.04958745799307867, 73], "guten_c14": [5.514705882352941, 0.04900110538592977, 68], "wiki_c14": [3.2375478927203063, 0.04007874793313957, 87]}, "zeroshot-palm": {"ccnews_c14": [5.383561643835616, 0.04723427942197603, 73], "guten_c14": [5.014705882352941, 0.0502613332389235, 68], "wiki_c14": [4.9272030651340994, 0.040470543655827446, 87]}, "zeroshot-vicuna7b": {"ccnews_c14": [5.4840182648401825, 0.05068986825008356, 73], "guten_c14": [5.3088235294117645, 0.052616830894952234, 68], "wiki_c14": [4.057471264367816, 0.042200434725691384, 87]}, "zeroshot-alpaca7b": {"ccnews_c14": [5.315068493150685, 0.04452124825844302, 73], "guten_c14": [5.259803921568627, 0.04178815307307038, 68], "wiki_c14": [5.2988505747126435, 0.03789364709168797, 87]}}